feature,importance
temperature,0.18398720812752842
rolling_temp,0.163427829704517
dryness_index,0.11943297329328263
flame_persistence,0.11409129715289486
flame_signal,0.10058699756597121
rule_score,0.0921987346426949
rolling_humidity,0.08779449971623045
humidity,0.07154234092043335
temp_zscore,0.02892534752393308
humidity_zscore,0.018767853099951493
humidity_rate,0.010645803473827991
temp_rate,0.008599114778734623
